id,path,absolute_url,status
MM202601,/museu/memorias/MM202601,,pending
MM202602,/museu/memorias/MM202602,,pending
MM202603,/museu/memorias/MM202603,,pending
MM202604,/museu/memorias/MM202604,,pending
MM202605,/museu/memorias/MM202605,,pending
MM202606,/museu/memorias/MM202606,,pending
MM202607,/museu/memorias/MM202607,,pending
MM202608,/museu/memorias/MM202608,,pending
MM202609,/museu/memorias/MM202609,,pending
MM202610,/museu/memorias/MM202610,,pending
MM202611,/museu/memorias/MM202611,,pending
MM202612,/museu/memorias/MM202612,,pending
MM202613,/museu/memorias/MM202613,,pending
MM202614,/museu/memorias/MM202614,,pending
MM202615,/museu/memorias/MM202615,,pending
MM202616,/museu/memorias/MM202616,,pending
MM202618,/museu/memorias/MM202618,,pending
MM202619,/museu/memorias/MM202619,,pending
MM202620,/museu/memorias/MM202620,,pending
MM202621,/museu/memorias/MM202621,,pending
MM202622,/museu/memorias/MM202622,,pending
MM202623,/museu/memorias/MM202623,,pending
MM202624,/museu/memorias/MM202624,,pending
MM202625,/museu/memorias/MM202625,,pending
MM202626,/museu/memorias/MM202626,,pending
MM202627,/museu/memorias/MM202627,,pending
MM202628,/museu/memorias/MM202628,,pending
MM202629,/museu/memorias/MM202629,,pending
MM202630,/museu/memorias/MM202630,,pending
MM202631,/museu/memorias/MM202631,,pending
